sensor_id,timestamp,temperature,humidity,location,sensor_type
1043,2025-04-06 12:00:28,33.91,69.34,BuildingB_Floor1,TypeC
1030,2025-04-09 16:44:42,20.31,71.61,BuildingA_Floor2,TypeA
1032,2025-04-09 11:55:27,33.8,61.8,BuildingA_Floor2,TypeB
1038,2025-04-10 17:16:43,21.93,75.44,BuildingB_Floor2,TypeB
1027,2025-04-07 07:44:02,22.75,67.53,BuildingA_Floor2,TypeB
1009,2025-04-09 08:31:55,23.81,63.39,BuildingB_Floor1,TypeA
1083,2025-04-10 00:20:17,32.47,41.5,BuildingB_Floor1,TypeB
1019,2025-04-09 11:49:09,17.21,44.51,BuildingA_Floor2,TypeA
1085,2025-04-08 17:27:39,33.53,34.81,BuildingA_Floor2,TypeC
1022,2025-04-10 09:27:27,30.63,50.25,BuildingA_Floor2,TypeB
1100,2025-04-06 09:36:12,29.26,30.16,BuildingA_Floor1,TypeA
1018,2025-04-09 04:09:31,26.46,40.8,BuildingA_Floor2,TypeC
1015,2025-04-07 17:55:01,24.08,48.46,BuildingB_Floor2,TypeB
1070,2025-04-09 03:33:36,16.89,69.93,BuildingA_Floor1,TypeC
1083,2025-04-07 15:17:22,26.26,51.41,BuildingA_Floor2,TypeB
1069,2025-04-06 08:51:08,20.76,47.29,BuildingA_Floor1,TypeA
1076,2025-04-08 21:41:39,33.67,64.02,BuildingA_Floor2,TypeA
1076,2025-04-08 01:28:59,33.33,60.45,BuildingA_Floor2,TypeC
1027,2025-04-06 19:14:48,29.47,79.64,BuildingA_Floor2,TypeC
1049,2025-04-08 12:37:01,28.42,54.31,BuildingA_Floor2,TypeA
1099,2025-04-08 05:41:08,25.46,61.89,BuildingA_Floor1,TypeC
1032,2025-04-07 07:49:28,18.07,57.65,BuildingB_Floor1,TypeA
1057,2025-04-08 18:02:56,33.04,54.39,BuildingB_Floor2,TypeB
1097,2025-04-11 02:57:40,20.57,66.23,BuildingA_Floor1,TypeA
1009,2025-04-08 16:06:29,21.55,72.32,BuildingB_Floor2,TypeC
1016,2025-04-07 20:30:31,25.48,72.19,BuildingA_Floor2,TypeA
1039,2025-04-09 21:41:40,29.16,75.54,BuildingA_Floor2,TypeA
1021,2025-04-10 14:55:51,26.29,42.96,BuildingB_Floor1,TypeC
1042,2025-04-06 11:38:19,20.22,48.77,BuildingB_Floor2,TypeC
1075,2025-04-10 17:54:37,30.96,44.78,BuildingA_Floor2,TypeA
1024,2025-04-10 00:47:11,34.16,52.4,BuildingA_Floor1,TypeA
1072,2025-04-11 03:14:38,32.35,31.42,BuildingA_Floor2,TypeB
1098,2025-04-10 23:22:43,15.58,70.4,BuildingA_Floor1,TypeC
1049,2025-04-09 01:37:34,15.73,56.39,BuildingB_Floor1,TypeC
1028,2025-04-09 23:33:27,31.97,65.53,BuildingA_Floor2,TypeC
1028,2025-04-09 10:08:01,25.36,51.8,BuildingB_Floor1,TypeB
1028,2025-04-06 20:45:43,25.52,74.6,BuildingB_Floor1,TypeA
1026,2025-04-06 21:03:30,19.29,36.71,BuildingA_Floor2,TypeA
1094,2025-04-09 02:48:53,25.04,77.02,BuildingA_Floor2,TypeB
1056,2025-04-07 07:04:34,25.43,39.03,BuildingA_Floor2,TypeB
1029,2025-04-10 19:12:43,16.05,63.26,BuildingB_Floor1,TypeB
1018,2025-04-10 07:33:08,28.87,78.37,BuildingB_Floor2,TypeB
1089,2025-04-06 04:26:00,15.54,43.44,BuildingB_Floor2,TypeC
1091,2025-04-11 02:05:19,29.81,78.53,BuildingB_Floor1,TypeB
1036,2025-04-09 21:03:00,17.23,56.68,BuildingB_Floor1,TypeC
1055,2025-04-10 00:23:40,16.06,73.18,BuildingA_Floor1,TypeB
1083,2025-04-07 12:48:12,24.98,39.53,BuildingA_Floor1,TypeC
1082,2025-04-11 01:16:17,19.54,50.24,BuildingB_Floor1,TypeB
1065,2025-04-07 03:19:05,19.55,64.83,BuildingA_Floor2,TypeB
1000,2025-04-09 17:24:39,28.93,73.39,BuildingB_Floor1,TypeB
1048,2025-04-10 18:54:12,27.32,70.93,BuildingB_Floor2,TypeA
1098,2025-04-07 17:43:01,28.66,51.85,BuildingB_Floor2,TypeC
1052,2025-04-09 00:16:19,16.26,67.31,BuildingA_Floor2,TypeA
1048,2025-04-07 17:00:02,20.02,52.91,BuildingA_Floor2,TypeC
1094,2025-04-07 18:20:15,30.39,68.72,BuildingA_Floor1,TypeA
1029,2025-04-06 08:58:46,19.43,58.73,BuildingB_Floor1,TypeA
1046,2025-04-10 23:05:17,29.04,30.31,BuildingA_Floor2,TypeB
1026,2025-04-06 12:29:15,33.73,68.58,BuildingB_Floor1,TypeB
1013,2025-04-09 02:26:24,31.95,47.18,BuildingB_Floor2,TypeB
1011,2025-04-09 05:57:05,26.6,50.93,BuildingB_Floor2,TypeA
1036,2025-04-09 02:36:21,22.51,55.67,BuildingB_Floor1,TypeB
1092,2025-04-07 09:54:20,34.76,59.73,BuildingB_Floor2,TypeC
1004,2025-04-07 07:01:02,16.12,56.54,BuildingB_Floor2,TypeB
1071,2025-04-10 23:33:37,26.35,31.43,BuildingB_Floor2,TypeB
1085,2025-04-10 18:12:10,17.68,71.99,BuildingA_Floor1,TypeB
1009,2025-04-06 19:31:45,18.08,41.13,BuildingB_Floor1,TypeC
1009,2025-04-10 00:09:26,26.78,42.25,BuildingB_Floor1,TypeA
1008,2025-04-06 06:14:21,23.25,66.11,BuildingB_Floor1,TypeA
1065,2025-04-07 00:29:32,16.85,62.12,BuildingB_Floor2,TypeC
1054,2025-04-06 05:38:46,31.7,51.14,BuildingB_Floor1,TypeA
1025,2025-04-10 05:53:38,24.38,73.41,BuildingA_Floor1,TypeA
1047,2025-04-07 20:23:29,32.49,64.48,BuildingB_Floor2,TypeA
1097,2025-04-06 20:50:12,31.04,36.15,BuildingB_Floor1,TypeA
1062,2025-04-07 21:07:46,16.42,44.74,BuildingA_Floor2,TypeB
1076,2025-04-10 08:20:35,34.58,64.42,BuildingA_Floor1,TypeC
1076,2025-04-08 01:46:03,15.56,52.69,BuildingA_Floor1,TypeA
1047,2025-04-09 11:50:27,17.76,53.05,BuildingB_Floor2,TypeB
1074,2025-04-08 03:15:50,31.34,64.04,BuildingA_Floor2,TypeC
1030,2025-04-06 21:01:43,32.83,64.03,BuildingB_Floor1,TypeC
1036,2025-04-09 14:24:42,19.38,64.88,BuildingA_Floor2,TypeC
1047,2025-04-07 09:44:10,27.17,41.46,BuildingB_Floor1,TypeA
1001,2025-04-10 05:29:53,30.73,34.23,BuildingB_Floor1,TypeA
1081,2025-04-08 19:10:38,20.54,69.77,BuildingA_Floor1,TypeB
1013,2025-04-08 10:10:36,30.32,42.37,BuildingB_Floor1,TypeC
1005,2025-04-06 16:28:56,24.58,50.01,BuildingA_Floor2,TypeA
1084,2025-04-06 22:16:45,16.8,41.11,BuildingB_Floor2,TypeB
1064,2025-04-08 19:58:54,24.0,68.13,BuildingB_Floor2,TypeA
1059,2025-04-06 22:09:03,17.08,78.42,BuildingA_Floor2,TypeA
1013,2025-04-10 22:33:11,32.53,66.23,BuildingB_Floor1,TypeA
1010,2025-04-07 21:25:26,17.02,44.37,BuildingA_Floor2,TypeB
1023,2025-04-10 17:34:33,28.4,71.3,BuildingB_Floor1,TypeC
1028,2025-04-11 03:39:16,22.05,71.57,BuildingB_Floor1,TypeC
1090,2025-04-10 08:29:55,23.59,57.91,BuildingA_Floor1,TypeB
1071,2025-04-10 20:48:20,34.83,31.17,BuildingA_Floor2,TypeB
1079,2025-04-10 06:28:24,33.3,64.29,BuildingA_Floor1,TypeB
1036,2025-04-06 04:21:52,30.19,56.98,BuildingA_Floor1,TypeC
1017,2025-04-11 01:42:06,29.49,70.58,BuildingB_Floor2,TypeB
1074,2025-04-10 08:04:48,19.07,51.92,BuildingA_Floor2,TypeA
1024,2025-04-07 23:38:41,19.11,49.35,BuildingB_Floor1,TypeB
1080,2025-04-07 20:03:18,19.16,59.85,BuildingB_Floor1,TypeA
1053,2025-04-08 04:12:14,26.15,44.55,BuildingA_Floor1,TypeB
1008,2025-04-08 15:13:30,24.42,38.13,BuildingA_Floor1,TypeA
1046,2025-04-06 16:18:31,19.22,47.83,BuildingB_Floor1,TypeC
1017,2025-04-10 13:11:41,32.73,46.39,BuildingA_Floor1,TypeA
1023,2025-04-07 08:59:27,34.48,71.16,BuildingB_Floor2,TypeC
1006,2025-04-11 00:56:03,28.1,61.67,BuildingB_Floor2,TypeA
1077,2025-04-08 00:52:41,17.33,72.04,BuildingA_Floor1,TypeA
1009,2025-04-08 10:29:56,17.35,61.78,BuildingB_Floor1,TypeB
1081,2025-04-10 18:08:49,19.12,64.77,BuildingA_Floor1,TypeC
1014,2025-04-09 03:20:32,18.64,61.34,BuildingA_Floor2,TypeA
1026,2025-04-08 20:01:53,28.51,54.92,BuildingA_Floor1,TypeC
1051,2025-04-09 11:49:00,33.56,66.22,BuildingA_Floor2,TypeC
1097,2025-04-07 12:45:42,27.95,40.34,BuildingB_Floor2,TypeA
1054,2025-04-08 07:34:37,22.63,73.23,BuildingA_Floor2,TypeB
1056,2025-04-10 22:22:22,21.84,41.08,BuildingA_Floor2,TypeA
1039,2025-04-07 21:54:06,29.15,67.31,BuildingA_Floor1,TypeA
1053,2025-04-09 02:30:43,19.16,78.26,BuildingA_Floor2,TypeC
1060,2025-04-07 17:10:06,25.77,51.59,BuildingB_Floor2,TypeC
1050,2025-04-10 13:38:50,29.27,55.33,BuildingB_Floor2,TypeA
1071,2025-04-09 06:01:58,32.16,61.93,BuildingB_Floor1,TypeB
1095,2025-04-06 20:00:06,21.22,75.82,BuildingB_Floor1,TypeB
1021,2025-04-11 00:34:40,15.82,63.58,BuildingB_Floor2,TypeA
1069,2025-04-07 05:54:48,17.48,69.35,BuildingB_Floor1,TypeA
1026,2025-04-08 17:42:55,16.92,39.93,BuildingA_Floor2,TypeC
1071,2025-04-07 20:45:46,27.45,54.84,BuildingB_Floor1,TypeA
1008,2025-04-07 06:41:31,31.19,62.84,BuildingB_Floor2,TypeC
1020,2025-04-09 22:38:19,24.36,58.47,BuildingB_Floor2,TypeC
1080,2025-04-10 06:47:58,19.24,49.53,BuildingB_Floor1,TypeC
1019,2025-04-09 14:31:11,29.7,46.07,BuildingA_Floor2,TypeC
1021,2025-04-11 00:08:52,25.08,64.01,BuildingA_Floor1,TypeA
1052,2025-04-10 04:21:14,29.52,42.76,BuildingA_Floor1,TypeB
1057,2025-04-06 08:50:40,17.07,39.18,BuildingB_Floor2,TypeB
1081,2025-04-09 17:25:00,33.62,34.74,BuildingA_Floor1,TypeB
1015,2025-04-10 04:31:26,34.96,68.55,BuildingA_Floor2,TypeA
1002,2025-04-10 12:55:23,25.87,71.1,BuildingB_Floor1,TypeA
1044,2025-04-08 12:06:04,28.57,63.97,BuildingB_Floor2,TypeC
1074,2025-04-09 21:10:56,34.51,73.87,BuildingA_Floor2,TypeC
1088,2025-04-10 16:49:08,32.11,33.39,BuildingB_Floor2,TypeB
1039,2025-04-10 20:13:27,21.94,56.43,BuildingB_Floor2,TypeC
1014,2025-04-07 06:49:27,18.14,75.39,BuildingA_Floor2,TypeB
1033,2025-04-07 10:56:42,29.28,55.73,BuildingB_Floor2,TypeB
1046,2025-04-08 14:11:30,33.8,70.65,BuildingA_Floor1,TypeC
1021,2025-04-06 17:37:30,24.56,60.36,BuildingA_Floor2,TypeA
1091,2025-04-10 08:13:06,32.05,75.76,BuildingA_Floor2,TypeC
1072,2025-04-06 19:20:41,31.9,74.72,BuildingA_Floor2,TypeB
1090,2025-04-08 10:19:53,32.07,63.08,BuildingB_Floor1,TypeA
1064,2025-04-08 04:07:42,33.99,36.52,BuildingA_Floor1,TypeA
1030,2025-04-10 21:58:56,18.0,33.76,BuildingB_Floor1,TypeB
1076,2025-04-09 23:34:29,25.03,63.8,BuildingB_Floor1,TypeB
1037,2025-04-09 05:29:08,15.1,78.75,BuildingB_Floor2,TypeA
1002,2025-04-06 15:37:53,22.31,41.01,BuildingA_Floor2,TypeA
1007,2025-04-07 07:47:16,18.05,67.12,BuildingA_Floor1,TypeC
1000,2025-04-07 16:06:10,19.89,36.79,BuildingB_Floor1,TypeA
1039,2025-04-09 18:36:19,29.49,63.02,BuildingB_Floor1,TypeA
1033,2025-04-10 11:02:18,18.37,63.78,BuildingB_Floor2,TypeB
1029,2025-04-10 08:15:00,15.76,70.2,BuildingB_Floor2,TypeA
1070,2025-04-06 19:10:32,27.29,31.76,BuildingA_Floor1,TypeB
1094,2025-04-08 21:03:14,26.04,39.07,BuildingB_Floor2,TypeA
1100,2025-04-10 03:28:53,34.48,40.82,BuildingB_Floor2,TypeA
1062,2025-04-06 09:46:05,29.18,70.89,BuildingA_Floor2,TypeA
1025,2025-04-08 09:48:09,33.24,68.74,BuildingA_Floor2,TypeC
1000,2025-04-09 22:16:43,34.33,71.04,BuildingA_Floor2,TypeB
1002,2025-04-08 03:04:03,18.83,45.07,BuildingA_Floor1,TypeB
1063,2025-04-11 00:49:36,20.32,68.89,BuildingB_Floor1,TypeA
1069,2025-04-09 10:18:05,24.34,47.22,BuildingB_Floor1,TypeC
1038,2025-04-08 13:38:54,33.68,32.16,BuildingB_Floor1,TypeB
1049,2025-04-06 19:55:07,22.56,65.5,BuildingB_Floor2,TypeB
1065,2025-04-06 18:23:32,25.16,48.44,BuildingA_Floor1,TypeA
1026,2025-04-09 04:57:49,30.81,35.6,BuildingB_Floor1,TypeB
1040,2025-04-06 20:27:18,31.35,75.22,BuildingA_Floor2,TypeA
1027,2025-04-09 09:10:52,26.77,75.25,BuildingB_Floor2,TypeA
1081,2025-04-10 15:31:18,19.51,46.99,BuildingA_Floor2,TypeA
1066,2025-04-09 14:34:43,31.43,68.93,BuildingA_Floor1,TypeB
1041,2025-04-09 12:01:38,28.08,36.74,BuildingA_Floor1,TypeC
1007,2025-04-08 23:23:55,26.6,46.34,BuildingB_Floor1,TypeB
1037,2025-04-09 09:18:48,27.54,59.06,BuildingA_Floor1,TypeB
1031,2025-04-06 20:30:04,31.44,62.71,BuildingA_Floor1,TypeA
1097,2025-04-07 08:39:02,17.63,40.67,BuildingA_Floor2,TypeA
1090,2025-04-10 02:49:45,20.13,76.17,BuildingA_Floor1,TypeC
1071,2025-04-10 10:58:03,32.24,76.36,BuildingB_Floor1,TypeA
1080,2025-04-08 20:36:37,30.29,75.55,BuildingA_Floor1,TypeA
1093,2025-04-07 18:38:10,20.33,42.05,BuildingB_Floor2,TypeB
1070,2025-04-09 15:58:44,29.36,30.12,BuildingA_Floor2,TypeC
1058,2025-04-08 03:57:37,28.34,55.75,BuildingB_Floor2,TypeC
1011,2025-04-07 05:01:23,18.45,43.21,BuildingA_Floor1,TypeC
1077,2025-04-09 03:48:59,26.01,57.37,BuildingA_Floor2,TypeC
1090,2025-04-09 19:39:57,34.24,43.3,BuildingB_Floor1,TypeB
1024,2025-04-10 10:25:01,30.74,49.31,BuildingB_Floor1,TypeC
1018,2025-04-10 16:11:03,27.2,46.81,BuildingA_Floor1,TypeB
1051,2025-04-06 21:57:55,19.46,36.42,BuildingB_Floor1,TypeB
1087,2025-04-08 19:59:07,21.68,46.56,BuildingB_Floor2,TypeB
1072,2025-04-10 01:04:44,28.16,37.76,BuildingA_Floor2,TypeA
1039,2025-04-07 09:43:35,25.79,54.91,BuildingA_Floor1,TypeB
1092,2025-04-08 18:25:56,31.21,51.84,BuildingA_Floor1,TypeA
1020,2025-04-07 19:12:36,32.02,70.79,BuildingB_Floor2,TypeC
1073,2025-04-08 12:19:26,22.02,40.33,BuildingB_Floor1,TypeA
1016,2025-04-10 05:40:37,31.37,51.91,BuildingA_Floor2,TypeC
1012,2025-04-06 11:01:15,25.37,69.09,BuildingA_Floor1,TypeC
1039,2025-04-08 08:44:03,19.46,56.61,BuildingB_Floor1,TypeB
1032,2025-04-06 16:30:01,26.95,78.8,BuildingA_Floor2,TypeA
1026,2025-04-08 06:19:05,15.51,46.12,BuildingB_Floor1,TypeB
1051,2025-04-07 03:41:32,24.3,78.0,BuildingB_Floor1,TypeB
1080,2025-04-08 13:14:08,29.64,34.23,BuildingA_Floor2,TypeB
1011,2025-04-07 23:51:01,29.54,61.87,BuildingB_Floor2,TypeC
1092,2025-04-08 03:53:07,17.12,63.73,BuildingA_Floor1,TypeC
1013,2025-04-07 04:59:54,32.04,71.64,BuildingB_Floor2,TypeA
1044,2025-04-06 23:02:45,34.43,78.6,BuildingB_Floor2,TypeB
1014,2025-04-07 21:49:29,17.42,71.66,BuildingA_Floor1,TypeB
1093,2025-04-08 15:17:03,31.84,53.61,BuildingA_Floor2,TypeB
1055,2025-04-10 05:14:15,24.35,58.9,BuildingA_Floor2,TypeC
1082,2025-04-09 17:04:41,18.34,69.82,BuildingA_Floor2,TypeB
1100,2025-04-07 22:58:55,16.28,64.11,BuildingA_Floor2,TypeB
1054,2025-04-07 19:28:35,29.38,75.93,BuildingA_Floor2,TypeB
1020,2025-04-06 17:44:46,33.5,73.93,BuildingB_Floor2,TypeC
1025,2025-04-11 01:47:58,31.74,48.98,BuildingA_Floor1,TypeA
1054,2025-04-10 18:10:04,23.38,77.43,BuildingA_Floor2,TypeB
1061,2025-04-08 04:23:02,16.59,48.69,BuildingB_Floor1,TypeB
1002,2025-04-08 07:39:27,21.1,63.29,BuildingB_Floor2,TypeC
1037,2025-04-10 08:44:45,26.07,71.94,BuildingA_Floor1,TypeA
1043,2025-04-07 10:43:06,33.19,72.19,BuildingA_Floor2,TypeA
1007,2025-04-06 14:17:56,24.97,71.13,BuildingB_Floor2,TypeB
1099,2025-04-08 11:39:00,26.75,51.13,BuildingB_Floor2,TypeB
1021,2025-04-06 06:41:31,17.12,37.54,BuildingA_Floor2,TypeB
1022,2025-04-08 09:56:11,21.69,30.21,BuildingA_Floor1,TypeA
1090,2025-04-06 07:17:24,29.54,33.09,BuildingA_Floor2,TypeB
1071,2025-04-07 21:17:31,24.59,40.18,BuildingB_Floor1,TypeB
1017,2025-04-06 07:42:03,32.5,39.92,BuildingA_Floor1,TypeA
1047,2025-04-09 04:22:33,28.38,35.45,BuildingB_Floor1,TypeB
1051,2025-04-11 01:37:59,22.66,70.83,BuildingB_Floor2,TypeA
1011,2025-04-09 12:35:16,34.12,72.53,BuildingA_Floor1,TypeB
1080,2025-04-08 14:25:50,28.18,51.68,BuildingA_Floor2,TypeC
1051,2025-04-06 18:47:11,29.45,78.47,BuildingB_Floor1,TypeC
1075,2025-04-09 04:50:30,29.39,68.23,BuildingA_Floor2,TypeA
1057,2025-04-10 20:23:58,25.74,72.03,BuildingA_Floor2,TypeA
1088,2025-04-08 02:36:20,34.16,61.94,BuildingA_Floor1,TypeC
1054,2025-04-10 23:58:48,27.01,65.06,BuildingA_Floor1,TypeA
1071,2025-04-10 23:09:39,15.93,72.02,BuildingB_Floor2,TypeC
1098,2025-04-08 15:02:10,30.29,38.96,BuildingB_Floor1,TypeB
1091,2025-04-06 15:30:40,16.23,53.68,BuildingA_Floor2,TypeB
1074,2025-04-09 20:25:11,21.77,69.75,BuildingB_Floor2,TypeA
1000,2025-04-11 01:31:01,34.38,51.6,BuildingA_Floor2,TypeB
1027,2025-04-07 14:19:46,31.91,66.03,BuildingA_Floor1,TypeC
1057,2025-04-08 06:06:49,33.93,34.35,BuildingA_Floor2,TypeA
1010,2025-04-08 08:04:52,27.57,42.97,BuildingB_Floor2,TypeB
1027,2025-04-06 08:05:02,20.1,47.37,BuildingA_Floor1,TypeC
1004,2025-04-11 02:08:11,28.43,73.28,BuildingB_Floor2,TypeC
1056,2025-04-10 13:43:00,16.86,78.52,BuildingA_Floor2,TypeB
1022,2025-04-09 11:27:13,26.5,79.75,BuildingA_Floor2,TypeA
1019,2025-04-06 10:25:39,32.79,64.37,BuildingA_Floor2,TypeC
1019,2025-04-06 06:52:49,21.85,54.7,BuildingA_Floor2,TypeC
1033,2025-04-08 20:43:27,31.31,49.05,BuildingA_Floor1,TypeB
1062,2025-04-10 20:01:09,32.41,55.75,BuildingA_Floor2,TypeC
1055,2025-04-06 11:28:54,32.36,57.49,BuildingA_Floor1,TypeB
1000,2025-04-09 04:14:38,24.04,65.27,BuildingB_Floor1,TypeC
1086,2025-04-09 21:18:38,30.28,41.96,BuildingA_Floor2,TypeB
1067,2025-04-08 18:57:02,30.59,40.36,BuildingA_Floor2,TypeA
1058,2025-04-09 04:09:26,18.44,76.11,BuildingB_Floor2,TypeA
1007,2025-04-08 06:03:33,29.01,68.96,BuildingA_Floor2,TypeC
1022,2025-04-09 10:12:08,20.82,73.84,BuildingA_Floor2,TypeB
1013,2025-04-10 09:06:29,21.98,50.04,BuildingA_Floor1,TypeB
1020,2025-04-09 15:31:35,16.07,70.02,BuildingA_Floor1,TypeA
1003,2025-04-09 15:12:40,16.14,66.71,BuildingA_Floor2,TypeA
1023,2025-04-08 23:37:40,30.86,58.17,BuildingA_Floor1,TypeC
1073,2025-04-10 12:22:24,27.7,76.79,BuildingA_Floor1,TypeC
1048,2025-04-10 13:23:23,27.28,77.38,BuildingB_Floor1,TypeA
1041,2025-04-08 02:03:28,19.2,31.89,BuildingB_Floor2,TypeC
1081,2025-04-09 19:56:17,30.43,69.89,BuildingA_Floor1,TypeC
1006,2025-04-10 07:36:50,15.19,73.09,BuildingA_Floor2,TypeC
1016,2025-04-06 23:05:04,20.92,77.67,BuildingB_Floor2,TypeC
1025,2025-04-08 03:03:43,31.39,55.83,BuildingB_Floor2,TypeC
1093,2025-04-09 18:05:28,19.64,46.01,BuildingA_Floor2,TypeB
1053,2025-04-10 05:17:20,21.79,36.45,BuildingB_Floor2,TypeB
1033,2025-04-10 19:04:03,30.65,43.04,BuildingB_Floor1,TypeB
1007,2025-04-08 07:55:23,31.85,60.84,BuildingA_Floor2,TypeB
1037,2025-04-07 07:04:58,18.46,73.79,BuildingB_Floor2,TypeB
1094,2025-04-06 20:24:04,32.01,35.45,BuildingB_Floor2,TypeB
1053,2025-04-07 20:37:49,23.44,46.88,BuildingB_Floor2,TypeC
1070,2025-04-10 13:28:17,30.6,34.02,BuildingA_Floor2,TypeB
1080,2025-04-10 17:40:09,26.7,57.01,BuildingA_Floor2,TypeB
1100,2025-04-07 22:47:44,29.02,35.13,BuildingA_Floor1,TypeA
1034,2025-04-09 16:18:03,20.51,57.19,BuildingB_Floor1,TypeA
1037,2025-04-08 18:31:56,16.57,54.53,BuildingB_Floor2,TypeB
1099,2025-04-09 01:27:43,17.28,33.71,BuildingB_Floor2,TypeB
1067,2025-04-07 10:06:11,15.6,78.38,BuildingB_Floor2,TypeB
1020,2025-04-09 23:55:41,16.8,61.17,BuildingA_Floor1,TypeB
1059,2025-04-10 10:45:13,33.49,54.64,BuildingB_Floor1,TypeA
1033,2025-04-08 05:18:45,29.27,71.75,BuildingB_Floor1,TypeA
1024,2025-04-08 03:44:09,28.09,75.69,BuildingA_Floor1,TypeB
1066,2025-04-06 05:45:20,18.89,77.37,BuildingA_Floor1,TypeC
1072,2025-04-07 04:08:46,33.42,52.7,BuildingB_Floor2,TypeA
1084,2025-04-06 07:44:15,16.77,34.85,BuildingA_Floor2,TypeB
1083,2025-04-11 00:27:40,24.24,40.28,BuildingA_Floor1,TypeA
1013,2025-04-07 21:15:43,20.16,45.19,BuildingA_Floor1,TypeC
1053,2025-04-11 03:31:13,34.31,44.42,BuildingA_Floor1,TypeB
1090,2025-04-10 10:13:36,22.31,61.56,BuildingA_Floor1,TypeB
1039,2025-04-07 08:46:22,34.97,40.88,BuildingB_Floor2,TypeB
1040,2025-04-07 23:40:18,19.24,57.97,BuildingA_Floor2,TypeC
1009,2025-04-09 07:18:21,24.0,43.91,BuildingA_Floor1,TypeB
1063,2025-04-08 21:52:14,21.72,53.95,BuildingB_Floor1,TypeC
1008,2025-04-09 23:38:24,26.18,79.33,BuildingA_Floor2,TypeA
1082,2025-04-06 19:16:07,19.87,35.82,BuildingA_Floor1,TypeB
1098,2025-04-08 09:56:44,25.18,40.88,BuildingA_Floor2,TypeC
1025,2025-04-09 05:36:10,21.26,55.08,BuildingB_Floor2,TypeA
1041,2025-04-07 22:32:46,15.67,36.1,BuildingA_Floor2,TypeB
1059,2025-04-10 20:33:29,18.08,39.47,BuildingA_Floor2,TypeB
1049,2025-04-09 04:26:53,16.22,36.9,BuildingB_Floor2,TypeB
1008,2025-04-06 12:14:50,21.76,67.84,BuildingB_Floor1,TypeC
1031,2025-04-09 14:13:34,26.34,43.01,BuildingA_Floor2,TypeA
1021,2025-04-07 11:19:36,31.89,38.4,BuildingB_Floor1,TypeB
1017,2025-04-11 02:18:15,21.06,59.57,BuildingA_Floor2,TypeC
1094,2025-04-08 18:53:24,26.26,54.59,BuildingA_Floor1,TypeA
1045,2025-04-07 14:14:34,32.29,40.2,BuildingB_Floor2,TypeC
1087,2025-04-09 17:06:59,23.55,69.11,BuildingB_Floor2,TypeB
1047,2025-04-08 09:32:42,19.34,40.15,BuildingB_Floor2,TypeC
1036,2025-04-07 00:40:45,26.64,60.49,BuildingB_Floor1,TypeB
1039,2025-04-11 02:02:04,17.07,69.87,BuildingB_Floor1,TypeB
1056,2025-04-07 05:42:19,17.18,45.1,BuildingB_Floor1,TypeA
1055,2025-04-09 02:30:45,28.28,72.89,BuildingA_Floor1,TypeC
1079,2025-04-07 21:43:18,31.94,36.32,BuildingA_Floor1,TypeA
1013,2025-04-06 15:55:58,27.07,47.26,BuildingA_Floor2,TypeA
1005,2025-04-11 02:58:58,24.1,61.42,BuildingB_Floor1,TypeC
1040,2025-04-08 01:27:38,24.38,58.07,BuildingA_Floor1,TypeC
1045,2025-04-10 16:02:17,18.48,35.0,BuildingB_Floor2,TypeC
1069,2025-04-09 18:37:45,15.1,63.43,BuildingA_Floor2,TypeC
1007,2025-04-10 01:35:00,23.26,68.22,BuildingB_Floor2,TypeB
1040,2025-04-06 23:55:42,22.83,40.77,BuildingB_Floor2,TypeA
1033,2025-04-06 22:47:47,27.4,34.95,BuildingA_Floor1,TypeA
1032,2025-04-07 03:56:55,30.76,33.35,BuildingA_Floor1,TypeB
1042,2025-04-09 10:00:39,33.7,61.62,BuildingB_Floor1,TypeA
1063,2025-04-10 19:46:38,34.16,31.75,BuildingA_Floor2,TypeC
1088,2025-04-08 23:28:34,23.12,63.83,BuildingA_Floor1,TypeC
1005,2025-04-08 15:48:01,32.31,72.19,BuildingA_Floor1,TypeB
1076,2025-04-07 00:18:28,33.13,56.61,BuildingB_Floor1,TypeA
1039,2025-04-09 22:48:50,19.5,36.85,BuildingB_Floor1,TypeC
1023,2025-04-09 07:26:43,18.62,47.38,BuildingA_Floor1,TypeB
1072,2025-04-10 10:47:25,28.7,67.91,BuildingB_Floor1,TypeB
1000,2025-04-10 12:54:46,28.38,51.5,BuildingA_Floor2,TypeA
1085,2025-04-10 04:36:13,23.12,73.26,BuildingA_Floor1,TypeA
1067,2025-04-09 00:27:09,32.62,56.9,BuildingB_Floor2,TypeC
1091,2025-04-08 14:42:02,32.71,65.44,BuildingA_Floor1,TypeC
1063,2025-04-10 18:02:44,29.12,36.08,BuildingA_Floor1,TypeB
1019,2025-04-10 05:15:19,24.77,71.21,BuildingA_Floor2,TypeA
1079,2025-04-10 11:00:55,23.5,72.21,BuildingB_Floor2,TypeB
1079,2025-04-07 08:12:14,20.95,33.81,BuildingB_Floor1,TypeC
1061,2025-04-09 20:51:58,28.07,74.37,BuildingB_Floor2,TypeB
1008,2025-04-08 04:50:28,33.45,76.53,BuildingB_Floor2,TypeA
1059,2025-04-07 15:14:54,24.62,75.26,BuildingB_Floor2,TypeB
1007,2025-04-08 16:11:34,30.26,70.91,BuildingB_Floor1,TypeC
1014,2025-04-09 11:49:11,30.43,33.86,BuildingA_Floor1,TypeB
1004,2025-04-07 19:49:31,32.37,72.1,BuildingB_Floor1,TypeB
1041,2025-04-08 03:15:14,28.9,31.46,BuildingA_Floor1,TypeC
1032,2025-04-09 11:02:52,31.44,66.83,BuildingB_Floor2,TypeA
1015,2025-04-08 10:56:31,30.53,44.91,BuildingA_Floor1,TypeA
1045,2025-04-10 00:14:08,33.38,61.19,BuildingA_Floor2,TypeB
1022,2025-04-10 16:41:16,31.8,30.67,BuildingA_Floor1,TypeC
1045,2025-04-07 06:20:00,26.83,58.9,BuildingA_Floor1,TypeB
1045,2025-04-07 19:35:00,31.25,76.43,BuildingA_Floor1,TypeB
1097,2025-04-08 12:36:31,16.42,76.12,BuildingB_Floor1,TypeC
1055,2025-04-06 09:09:19,33.38,55.34,BuildingA_Floor2,TypeA
1081,2025-04-08 18:52:02,31.24,50.41,BuildingA_Floor1,TypeC
1005,2025-04-08 02:01:43,23.23,34.37,BuildingA_Floor2,TypeA
1070,2025-04-09 11:05:10,17.55,69.35,BuildingB_Floor1,TypeA
1015,2025-04-06 22:17:47,31.97,53.89,BuildingB_Floor1,TypeA
1037,2025-04-08 13:36:23,19.44,33.98,BuildingB_Floor2,TypeB
1060,2025-04-08 23:46:26,27.74,34.75,BuildingA_Floor2,TypeB
1044,2025-04-09 05:29:38,28.1,53.51,BuildingA_Floor1,TypeB
1075,2025-04-06 12:08:44,24.57,73.94,BuildingB_Floor2,TypeA
1013,2025-04-10 06:40:18,27.98,78.21,BuildingB_Floor1,TypeB
1074,2025-04-07 01:20:38,25.59,34.34,BuildingB_Floor2,TypeA
1043,2025-04-06 17:28:13,25.82,72.89,BuildingA_Floor1,TypeC
1071,2025-04-09 14:37:16,28.39,72.76,BuildingB_Floor2,TypeA
1070,2025-04-07 17:01:57,18.25,56.47,BuildingA_Floor2,TypeB
1017,2025-04-11 02:59:51,27.18,64.79,BuildingB_Floor2,TypeC
1100,2025-04-10 05:18:08,24.85,49.1,BuildingA_Floor1,TypeA
1093,2025-04-08 15:06:12,27.88,54.47,BuildingB_Floor1,TypeB
1007,2025-04-06 06:15:15,34.98,60.57,BuildingB_Floor2,TypeB
1019,2025-04-10 23:14:03,20.04,65.58,BuildingA_Floor2,TypeB
1005,2025-04-09 13:14:54,15.49,55.27,BuildingA_Floor2,TypeA
1081,2025-04-06 17:12:45,33.76,63.59,BuildingB_Floor2,TypeA
1050,2025-04-07 08:33:39,22.25,59.91,BuildingA_Floor2,TypeB
1043,2025-04-07 01:16:40,28.07,74.6,BuildingA_Floor2,TypeA
1060,2025-04-10 20:19:38,27.55,79.76,BuildingA_Floor2,TypeB
1039,2025-04-06 09:54:56,25.74,44.26,BuildingA_Floor2,TypeC
1054,2025-04-11 02:14:25,34.06,43.55,BuildingB_Floor1,TypeC
1046,2025-04-07 17:20:26,15.69,47.85,BuildingA_Floor1,TypeB
1052,2025-04-08 06:00:27,18.25,73.92,BuildingB_Floor1,TypeA
1058,2025-04-07 17:10:33,25.12,35.79,BuildingA_Floor1,TypeB
1092,2025-04-09 06:53:42,26.92,39.34,BuildingB_Floor1,TypeA
1048,2025-04-10 11:57:55,18.8,72.28,BuildingA_Floor1,TypeA
1022,2025-04-08 19:08:37,28.68,46.35,BuildingB_Floor2,TypeB
1084,2025-04-10 07:42:53,27.31,55.56,BuildingA_Floor1,TypeA
1017,2025-04-08 23:31:33,17.91,70.55,BuildingB_Floor1,TypeB
1057,2025-04-06 20:32:22,18.24,43.46,BuildingA_Floor2,TypeA
1045,2025-04-10 22:39:13,22.41,32.13,BuildingA_Floor1,TypeA
1023,2025-04-10 06:01:40,24.57,72.0,BuildingA_Floor2,TypeC
1012,2025-04-07 16:13:42,30.09,64.71,BuildingB_Floor2,TypeC
1074,2025-04-08 05:01:57,22.75,34.85,BuildingA_Floor2,TypeC
1022,2025-04-06 16:55:43,23.75,73.64,BuildingA_Floor1,TypeA
1023,2025-04-08 05:33:24,34.06,58.47,BuildingB_Floor1,TypeB
1095,2025-04-08 20:22:42,21.12,48.67,BuildingB_Floor2,TypeB
1058,2025-04-10 21:47:38,25.03,75.87,BuildingA_Floor1,TypeB
1091,2025-04-08 00:47:54,19.02,49.33,BuildingB_Floor2,TypeB
1089,2025-04-07 12:55:02,32.87,56.95,BuildingB_Floor1,TypeB
1068,2025-04-10 11:11:58,29.98,48.09,BuildingB_Floor2,TypeA
1017,2025-04-08 04:00:53,27.42,41.99,BuildingB_Floor2,TypeB
1022,2025-04-11 01:46:04,28.92,35.93,BuildingA_Floor1,TypeB
1053,2025-04-06 11:08:18,27.43,41.31,BuildingB_Floor1,TypeB
1071,2025-04-07 04:27:42,15.54,42.44,BuildingA_Floor2,TypeB
1020,2025-04-10 04:10:57,30.89,68.64,BuildingA_Floor1,TypeC
1021,2025-04-06 09:56:15,15.21,46.76,BuildingA_Floor1,TypeB
1017,2025-04-07 15:33:26,22.5,47.11,BuildingB_Floor1,TypeA
1023,2025-04-06 13:38:40,25.07,79.64,BuildingA_Floor1,TypeC
1067,2025-04-09 01:04:31,19.69,43.96,BuildingA_Floor2,TypeC
1057,2025-04-10 14:40:12,23.19,39.2,BuildingA_Floor1,TypeB
1025,2025-04-07 01:24:48,19.36,62.44,BuildingB_Floor2,TypeB
1090,2025-04-06 23:34:09,17.16,40.92,BuildingB_Floor1,TypeC
1083,2025-04-08 15:01:48,24.28,51.23,BuildingA_Floor1,TypeC
1056,2025-04-10 05:54:42,31.03,72.49,BuildingA_Floor1,TypeA
1050,2025-04-07 04:58:35,16.82,55.99,BuildingB_Floor2,TypeA
1012,2025-04-06 23:19:57,23.74,71.75,BuildingA_Floor1,TypeA
1061,2025-04-06 17:52:38,25.39,66.06,BuildingB_Floor1,TypeA
1085,2025-04-09 07:16:22,29.37,62.84,BuildingB_Floor1,TypeB
1039,2025-04-06 14:28:07,29.78,68.44,BuildingA_Floor2,TypeC
1017,2025-04-08 04:43:42,19.97,44.99,BuildingB_Floor2,TypeC
1005,2025-04-08 19:45:54,30.33,41.71,BuildingA_Floor2,TypeA
1065,2025-04-06 09:03:29,21.78,63.52,BuildingB_Floor2,TypeA
1015,2025-04-07 10:28:50,27.14,49.32,BuildingA_Floor1,TypeA
1057,2025-04-08 22:34:45,30.49,42.02,BuildingA_Floor1,TypeC
1063,2025-04-08 22:42:48,22.06,46.53,BuildingB_Floor2,TypeA
1016,2025-04-08 17:55:11,28.0,50.41,BuildingA_Floor2,TypeC
1075,2025-04-08 18:03:02,15.16,41.51,BuildingB_Floor1,TypeA
1081,2025-04-09 07:33:08,33.0,79.06,BuildingA_Floor1,TypeA
1038,2025-04-07 00:19:06,24.78,61.23,BuildingB_Floor1,TypeB
1089,2025-04-08 15:18:27,17.03,39.99,BuildingA_Floor2,TypeC
1040,2025-04-11 01:17:57,34.49,50.69,BuildingB_Floor2,TypeA
1078,2025-04-07 20:36:03,25.0,48.81,BuildingA_Floor2,TypeA
1004,2025-04-08 21:59:29,19.16,32.78,BuildingB_Floor2,TypeA
1017,2025-04-09 11:15:35,17.63,43.43,BuildingB_Floor1,TypeB
1011,2025-04-07 14:23:07,34.92,35.56,BuildingA_Floor2,TypeC
1074,2025-04-06 05:07:20,19.23,46.16,BuildingA_Floor1,TypeC
1006,2025-04-09 16:54:46,32.64,58.42,BuildingA_Floor2,TypeB
1000,2025-04-07 18:26:01,23.61,53.78,BuildingB_Floor1,TypeA
1093,2025-04-10 21:55:09,26.48,44.12,BuildingA_Floor1,TypeA
1024,2025-04-10 04:52:39,23.47,63.99,BuildingB_Floor1,TypeA
1011,2025-04-06 11:31:21,27.81,41.1,BuildingB_Floor2,TypeC
1072,2025-04-06 15:24:29,21.11,31.62,BuildingA_Floor2,TypeB
1074,2025-04-09 18:48:48,28.15,54.63,BuildingB_Floor2,TypeB
1020,2025-04-07 17:34:15,18.07,70.13,BuildingB_Floor1,TypeB
1006,2025-04-08 04:46:17,33.17,65.19,BuildingA_Floor1,TypeB
1094,2025-04-10 11:46:26,18.45,73.36,BuildingA_Floor2,TypeA
1061,2025-04-07 14:04:38,34.5,47.77,BuildingA_Floor1,TypeB
1062,2025-04-09 08:10:09,21.05,46.57,BuildingA_Floor2,TypeB
1013,2025-04-10 09:09:05,33.8,43.3,BuildingB_Floor2,TypeC
1019,2025-04-06 07:34:44,25.74,65.92,BuildingA_Floor1,TypeC
1096,2025-04-06 17:06:05,17.91,64.89,BuildingB_Floor1,TypeA
1092,2025-04-08 15:59:52,33.57,79.85,BuildingA_Floor2,TypeA
1065,2025-04-06 12:45:51,21.92,60.9,BuildingA_Floor2,TypeC
1006,2025-04-10 20:55:56,20.74,31.98,BuildingB_Floor1,TypeC
1034,2025-04-07 21:19:04,21.25,68.34,BuildingB_Floor2,TypeA
1057,2025-04-09 22:16:39,20.62,59.23,BuildingA_Floor2,TypeA
1035,2025-04-06 20:52:16,23.99,69.05,BuildingA_Floor2,TypeC
1085,2025-04-07 01:20:07,34.73,42.63,BuildingB_Floor2,TypeA
1024,2025-04-07 04:24:04,22.11,61.89,BuildingA_Floor2,TypeA
1060,2025-04-09 18:47:54,15.38,34.46,BuildingA_Floor1,TypeB
1089,2025-04-10 00:29:34,21.63,54.47,BuildingA_Floor2,TypeC
1037,2025-04-07 23:56:31,20.98,59.06,BuildingB_Floor1,TypeB
1045,2025-04-08 12:30:33,20.05,67.67,BuildingA_Floor2,TypeC
1058,2025-04-07 05:39:28,33.04,79.32,BuildingA_Floor2,TypeB
1078,2025-04-10 06:06:45,22.47,48.44,BuildingB_Floor1,TypeA
1093,2025-04-09 19:58:55,27.99,53.27,BuildingB_Floor1,TypeC
1004,2025-04-06 22:15:29,32.97,49.13,BuildingA_Floor1,TypeA
1093,2025-04-07 16:52:48,29.56,69.94,BuildingB_Floor1,TypeA
1097,2025-04-07 22:57:40,19.23,31.77,BuildingB_Floor1,TypeC
1050,2025-04-08 03:18:05,30.0,66.95,BuildingA_Floor2,TypeA
1033,2025-04-10 13:01:15,17.14,58.8,BuildingA_Floor2,TypeC
1018,2025-04-10 13:40:18,16.07,68.76,BuildingA_Floor2,TypeB
1078,2025-04-10 14:43:47,25.51,37.21,BuildingA_Floor1,TypeC
1088,2025-04-06 17:33:14,21.36,31.89,BuildingA_Floor2,TypeB
1080,2025-04-07 19:03:52,27.14,63.28,BuildingA_Floor1,TypeB
1077,2025-04-10 08:03:01,21.45,66.45,BuildingB_Floor1,TypeB
1041,2025-04-09 01:49:46,28.48,38.7,BuildingB_Floor2,TypeA
1073,2025-04-10 13:10:41,33.9,73.73,BuildingB_Floor2,TypeC
1084,2025-04-09 16:09:36,31.52,37.57,BuildingA_Floor2,TypeA
1049,2025-04-07 12:34:13,28.12,56.83,BuildingA_Floor2,TypeB
1007,2025-04-08 05:03:36,15.76,34.57,BuildingB_Floor2,TypeA
1071,2025-04-09 15:24:11,16.6,53.4,BuildingB_Floor1,TypeC
1079,2025-04-10 07:44:32,29.41,58.74,BuildingA_Floor2,TypeA
1085,2025-04-08 15:34:09,29.25,77.88,BuildingA_Floor2,TypeC
1045,2025-04-09 01:23:52,22.95,55.59,BuildingA_Floor1,TypeB
1001,2025-04-11 00:24:53,16.8,49.15,BuildingB_Floor1,TypeC
1094,2025-04-09 22:18:38,18.47,69.71,BuildingB_Floor1,TypeA
1048,2025-04-10 02:20:14,34.99,60.94,BuildingB_Floor1,TypeA
1003,2025-04-08 17:36:29,27.89,62.96,BuildingB_Floor2,TypeB
1006,2025-04-10 16:30:03,29.5,41.76,BuildingA_Floor1,TypeC
1035,2025-04-08 03:13:20,26.91,35.2,BuildingB_Floor1,TypeC
1065,2025-04-06 19:54:11,27.19,65.67,BuildingB_Floor2,TypeB
1091,2025-04-08 00:20:07,17.47,54.53,BuildingB_Floor1,TypeB
1050,2025-04-07 08:33:49,30.17,43.82,BuildingA_Floor2,TypeC
1093,2025-04-08 14:41:17,30.44,64.7,BuildingA_Floor2,TypeB
1100,2025-04-11 02:36:39,34.06,66.47,BuildingA_Floor1,TypeC
1100,2025-04-09 04:16:15,21.28,56.42,BuildingB_Floor2,TypeC
1074,2025-04-06 22:37:23,18.5,79.52,BuildingB_Floor1,TypeB
1092,2025-04-08 10:54:17,23.87,30.46,BuildingB_Floor1,TypeA
1025,2025-04-08 05:46:41,15.69,71.27,BuildingA_Floor1,TypeB
1069,2025-04-08 19:40:12,31.46,50.76,BuildingB_Floor1,TypeC
1061,2025-04-10 09:38:37,15.08,71.84,BuildingB_Floor1,TypeC
1003,2025-04-09 21:07:55,32.59,74.7,BuildingA_Floor1,TypeC
1010,2025-04-09 16:33:50,26.31,49.03,BuildingA_Floor2,TypeA
1062,2025-04-10 01:44:35,30.77,75.48,BuildingB_Floor2,TypeA
1091,2025-04-07 23:10:20,31.54,49.81,BuildingB_Floor2,TypeC
1032,2025-04-08 20:14:06,26.2,55.69,BuildingA_Floor2,TypeA
1028,2025-04-06 13:35:59,23.59,72.09,BuildingB_Floor1,TypeB
1086,2025-04-10 23:01:58,25.23,60.81,BuildingA_Floor1,TypeC
1056,2025-04-08 17:26:13,22.6,67.96,BuildingA_Floor1,TypeC
1094,2025-04-11 01:45:37,24.96,32.06,BuildingB_Floor2,TypeA
1068,2025-04-07 11:03:45,23.77,67.0,BuildingA_Floor2,TypeC
1014,2025-04-07 17:31:19,18.31,55.07,BuildingB_Floor2,TypeC
1052,2025-04-09 01:14:38,26.6,70.24,BuildingA_Floor2,TypeB
1065,2025-04-09 23:42:06,18.22,71.47,BuildingB_Floor1,TypeC
1095,2025-04-09 11:15:22,26.53,40.34,BuildingA_Floor2,TypeA
1061,2025-04-08 11:34:50,31.05,76.31,BuildingA_Floor1,TypeB
1095,2025-04-09 02:24:05,24.67,32.78,BuildingA_Floor2,TypeA
1092,2025-04-07 05:08:41,32.92,48.31,BuildingB_Floor1,TypeB
1030,2025-04-08 04:50:07,23.75,30.87,BuildingA_Floor1,TypeB
1082,2025-04-06 08:04:34,25.34,58.3,BuildingA_Floor1,TypeB
1075,2025-04-11 02:25:21,29.31,31.49,BuildingA_Floor1,TypeC
1026,2025-04-09 22:07:07,29.21,50.5,BuildingB_Floor2,TypeA
1099,2025-04-07 17:16:21,16.02,70.22,BuildingA_Floor1,TypeA
1026,2025-04-07 02:55:53,33.42,65.63,BuildingB_Floor1,TypeC
1045,2025-04-07 20:38:04,23.97,40.82,BuildingB_Floor2,TypeB
1067,2025-04-09 21:52:16,32.17,52.96,BuildingB_Floor2,TypeC
1094,2025-04-09 22:36:21,15.18,30.6,BuildingB_Floor1,TypeB
1059,2025-04-07 12:02:10,30.89,47.98,BuildingA_Floor1,TypeC
1042,2025-04-07 23:16:40,22.07,76.98,BuildingB_Floor2,TypeB
1029,2025-04-11 03:39:01,18.44,65.03,BuildingB_Floor1,TypeB
1067,2025-04-07 04:32:21,25.04,70.29,BuildingA_Floor2,TypeC
1017,2025-04-08 08:45:20,16.35,70.63,BuildingB_Floor2,TypeB
1071,2025-04-09 17:14:16,24.73,72.77,BuildingA_Floor1,TypeB
1067,2025-04-11 00:50:16,32.19,64.79,BuildingB_Floor1,TypeC
1001,2025-04-10 06:29:26,23.97,40.09,BuildingA_Floor1,TypeC
1076,2025-04-07 16:24:56,16.94,44.82,BuildingA_Floor1,TypeC
1090,2025-04-09 14:44:37,34.63,78.69,BuildingB_Floor1,TypeA
1095,2025-04-09 11:04:20,29.63,51.12,BuildingB_Floor2,TypeA
1050,2025-04-06 20:52:20,17.48,64.82,BuildingA_Floor1,TypeC
1060,2025-04-08 08:38:41,15.32,36.17,BuildingA_Floor2,TypeB
1044,2025-04-06 19:38:20,17.23,65.11,BuildingB_Floor2,TypeA
1096,2025-04-09 23:45:20,27.1,53.99,BuildingB_Floor2,TypeB
1098,2025-04-07 01:29:16,23.36,78.15,BuildingA_Floor1,TypeA
1015,2025-04-06 14:53:43,22.82,78.42,BuildingB_Floor2,TypeA
1049,2025-04-08 05:30:33,26.98,66.06,BuildingA_Floor2,TypeB
1058,2025-04-11 03:08:39,18.66,47.03,BuildingB_Floor1,TypeB
1032,2025-04-10 21:12:49,32.81,55.82,BuildingA_Floor2,TypeB
1036,2025-04-06 21:24:02,17.95,43.09,BuildingA_Floor1,TypeC
1085,2025-04-06 13:14:16,18.58,75.69,BuildingB_Floor1,TypeA
1022,2025-04-06 18:55:01,33.24,39.58,BuildingB_Floor1,TypeA
1008,2025-04-08 17:58:35,15.91,72.02,BuildingB_Floor1,TypeA
1037,2025-04-10 21:50:14,22.63,65.58,BuildingB_Floor1,TypeA
1028,2025-04-06 09:08:54,33.44,57.38,BuildingB_Floor1,TypeB
1031,2025-04-06 22:49:10,28.24,33.55,BuildingA_Floor2,TypeA
1035,2025-04-09 04:10:39,30.28,61.65,BuildingB_Floor2,TypeC
1099,2025-04-10 15:20:23,21.24,63.99,BuildingB_Floor2,TypeC
1020,2025-04-10 20:09:19,22.2,37.68,BuildingB_Floor1,TypeC
1054,2025-04-10 10:13:45,32.98,43.93,BuildingB_Floor1,TypeC
1031,2025-04-07 02:52:48,33.99,43.81,BuildingA_Floor1,TypeC
1056,2025-04-08 05:27:58,21.73,51.17,BuildingB_Floor2,TypeB
1013,2025-04-09 20:20:46,15.65,61.89,BuildingB_Floor1,TypeA
1022,2025-04-10 02:49:50,28.9,32.91,BuildingA_Floor1,TypeA
1014,2025-04-09 03:31:50,33.79,52.67,BuildingB_Floor1,TypeC
1003,2025-04-11 01:35:43,20.77,43.32,BuildingB_Floor2,TypeB
1014,2025-04-09 00:24:44,28.03,66.7,BuildingA_Floor1,TypeA
1039,2025-04-06 09:11:45,27.8,54.79,BuildingB_Floor2,TypeC
1024,2025-04-07 20:41:38,18.79,68.74,BuildingA_Floor1,TypeC
1030,2025-04-09 08:59:49,26.93,77.01,BuildingA_Floor2,TypeB
1069,2025-04-06 19:15:20,31.09,39.37,BuildingB_Floor1,TypeC
1077,2025-04-10 00:12:25,33.96,75.99,BuildingB_Floor1,TypeA
1098,2025-04-09 22:14:28,32.69,38.98,BuildingB_Floor2,TypeB
1075,2025-04-10 03:07:48,32.37,46.57,BuildingB_Floor1,TypeB
1043,2025-04-10 00:17:21,32.54,72.83,BuildingA_Floor1,TypeC
1060,2025-04-10 01:24:57,31.42,34.64,BuildingA_Floor2,TypeC
1022,2025-04-07 08:42:38,16.24,75.75,BuildingA_Floor2,TypeC
1073,2025-04-07 00:55:31,24.79,71.72,BuildingA_Floor1,TypeA
1082,2025-04-08 17:54:12,34.25,59.12,BuildingA_Floor2,TypeA
1045,2025-04-08 17:36:26,15.96,68.47,BuildingA_Floor1,TypeB
1095,2025-04-08 14:52:15,26.21,75.4,BuildingA_Floor2,TypeB
1040,2025-04-10 03:33:15,16.11,73.96,BuildingA_Floor1,TypeB
1085,2025-04-10 13:31:15,29.69,30.5,BuildingA_Floor2,TypeC
1048,2025-04-08 14:52:54,34.16,63.11,BuildingB_Floor1,TypeC
1063,2025-04-09 07:41:09,29.55,38.05,BuildingB_Floor2,TypeB
1088,2025-04-09 17:55:44,15.85,37.83,BuildingB_Floor2,TypeB
1025,2025-04-11 02:19:04,15.7,50.06,BuildingA_Floor1,TypeB
1025,2025-04-07 14:32:38,29.36,72.12,BuildingA_Floor1,TypeB
1076,2025-04-08 00:09:19,18.1,42.3,BuildingB_Floor1,TypeC
1027,2025-04-11 03:38:10,34.81,60.01,BuildingA_Floor1,TypeC
1005,2025-04-10 09:14:10,18.24,61.83,BuildingA_Floor1,TypeA
1065,2025-04-10 17:57:07,22.07,65.54,BuildingA_Floor2,TypeB
1070,2025-04-09 22:42:25,20.09,77.33,BuildingB_Floor2,TypeB
1095,2025-04-09 09:21:22,29.99,46.67,BuildingA_Floor2,TypeC
1087,2025-04-10 09:19:59,22.38,32.13,BuildingA_Floor2,TypeA
1000,2025-04-09 12:14:53,24.1,58.46,BuildingB_Floor1,TypeC
1094,2025-04-10 02:16:01,30.12,41.76,BuildingB_Floor2,TypeA
1039,2025-04-10 10:02:11,28.55,50.45,BuildingB_Floor2,TypeC
1056,2025-04-09 02:34:49,17.07,48.8,BuildingB_Floor1,TypeC
1096,2025-04-09 06:14:59,32.67,57.52,BuildingB_Floor2,TypeC
1038,2025-04-08 17:01:53,25.74,71.39,BuildingA_Floor1,TypeC
1055,2025-04-09 07:04:19,20.44,61.86,BuildingA_Floor2,TypeC
1029,2025-04-10 15:19:34,30.77,72.36,BuildingB_Floor1,TypeB
1090,2025-04-11 01:04:16,19.12,42.08,BuildingA_Floor1,TypeC
1076,2025-04-09 12:56:59,16.68,36.64,BuildingB_Floor2,TypeB
1052,2025-04-07 06:33:34,25.71,70.63,BuildingA_Floor2,TypeC
1011,2025-04-11 03:05:23,21.49,46.38,BuildingA_Floor2,TypeA
1035,2025-04-10 23:53:06,26.07,60.14,BuildingB_Floor1,TypeA
1068,2025-04-07 07:31:46,32.36,69.01,BuildingA_Floor2,TypeA
1066,2025-04-10 18:46:26,18.78,45.64,BuildingB_Floor2,TypeA
1098,2025-04-06 15:40:15,33.5,52.76,BuildingB_Floor2,TypeB
1022,2025-04-08 18:31:58,32.36,62.96,BuildingA_Floor1,TypeC
1044,2025-04-10 17:21:04,28.28,73.03,BuildingA_Floor1,TypeB
1069,2025-04-07 23:06:33,27.91,38.7,BuildingB_Floor1,TypeB
1061,2025-04-08 17:28:22,29.43,53.19,BuildingA_Floor2,TypeB
1026,2025-04-06 08:24:29,28.6,43.07,BuildingB_Floor1,TypeC
1091,2025-04-10 19:16:35,32.0,79.72,BuildingB_Floor1,TypeC
1086,2025-04-10 06:09:27,23.96,40.68,BuildingB_Floor1,TypeC
1048,2025-04-10 23:38:26,32.21,68.7,BuildingB_Floor1,TypeB
1054,2025-04-07 11:16:10,23.89,77.4,BuildingB_Floor1,TypeB
1059,2025-04-09 16:02:02,23.58,61.23,BuildingB_Floor1,TypeC
1033,2025-04-07 05:30:59,19.27,45.73,BuildingB_Floor2,TypeC
1043,2025-04-09 18:51:40,26.5,59.43,BuildingA_Floor1,TypeC
1014,2025-04-06 19:59:16,25.92,78.55,BuildingB_Floor2,TypeA
1022,2025-04-10 03:24:28,29.35,79.97,BuildingA_Floor2,TypeC
1015,2025-04-07 15:09:35,18.68,41.65,BuildingB_Floor2,TypeB
1048,2025-04-09 06:45:56,28.69,45.07,BuildingA_Floor2,TypeC
1017,2025-04-10 02:47:34,29.52,40.87,BuildingB_Floor1,TypeC
1099,2025-04-09 00:47:21,23.98,72.28,BuildingA_Floor1,TypeB
1097,2025-04-07 04:33:44,27.41,44.66,BuildingA_Floor2,TypeB
1080,2025-04-08 12:06:35,18.9,58.11,BuildingB_Floor1,TypeB
1091,2025-04-06 06:51:49,28.74,30.26,BuildingB_Floor1,TypeA
1054,2025-04-07 08:59:49,28.01,50.04,BuildingA_Floor1,TypeC
1020,2025-04-09 05:21:32,32.83,35.03,BuildingB_Floor2,TypeC
1042,2025-04-07 20:36:29,15.21,73.39,BuildingA_Floor1,TypeA
1054,2025-04-08 12:02:41,18.56,78.17,BuildingB_Floor1,TypeC
1026,2025-04-07 22:37:20,22.25,34.5,BuildingB_Floor1,TypeA
1084,2025-04-07 08:00:14,31.51,69.94,BuildingB_Floor1,TypeA
1061,2025-04-10 18:36:30,34.71,30.47,BuildingB_Floor2,TypeA
1083,2025-04-06 04:32:26,25.18,55.34,BuildingA_Floor1,TypeC
1034,2025-04-09 17:54:06,23.17,32.54,BuildingB_Floor2,TypeC
1057,2025-04-08 13:29:37,18.13,35.34,BuildingB_Floor1,TypeB
1098,2025-04-06 15:59:32,29.33,61.82,BuildingA_Floor2,TypeC
1017,2025-04-09 23:03:06,16.19,78.08,BuildingB_Floor2,TypeC
1070,2025-04-10 05:44:27,18.81,30.4,BuildingA_Floor2,TypeB
1015,2025-04-09 10:02:28,26.66,73.07,BuildingB_Floor2,TypeB
1046,2025-04-06 10:35:49,31.25,54.41,BuildingA_Floor2,TypeC
1005,2025-04-09 22:06:00,25.35,76.15,BuildingA_Floor1,TypeA
1066,2025-04-11 01:50:57,32.41,59.74,BuildingB_Floor1,TypeB
1034,2025-04-08 23:27:51,28.0,52.66,BuildingA_Floor1,TypeC
1090,2025-04-06 06:10:53,27.5,79.19,BuildingA_Floor2,TypeA
1063,2025-04-06 11:54:56,17.35,53.72,BuildingB_Floor1,TypeA
1007,2025-04-09 17:00:47,23.98,77.82,BuildingB_Floor2,TypeA
1045,2025-04-06 11:56:27,16.61,58.72,BuildingA_Floor1,TypeC
1097,2025-04-07 12:53:06,17.19,64.25,BuildingB_Floor2,TypeC
1076,2025-04-09 04:26:56,23.36,65.82,BuildingA_Floor1,TypeB
1082,2025-04-06 06:27:18,33.37,39.53,BuildingB_Floor1,TypeB
1067,2025-04-08 00:16:40,26.89,34.57,BuildingA_Floor2,TypeA
1046,2025-04-10 03:21:54,17.31,64.03,BuildingA_Floor1,TypeB
1095,2025-04-10 17:08:54,24.08,71.27,BuildingA_Floor2,TypeA
1052,2025-04-09 16:19:41,25.96,36.19,BuildingB_Floor2,TypeB
1028,2025-04-06 23:05:51,16.02,73.66,BuildingB_Floor1,TypeB
1077,2025-04-07 15:01:58,25.86,66.06,BuildingB_Floor1,TypeC
1026,2025-04-07 20:49:27,29.05,62.24,BuildingB_Floor2,TypeC
1078,2025-04-09 06:15:06,24.54,44.44,BuildingB_Floor1,TypeB
1012,2025-04-09 00:01:25,31.4,74.37,BuildingB_Floor2,TypeB
1089,2025-04-07 19:36:36,18.91,69.49,BuildingB_Floor2,TypeA
1072,2025-04-08 02:07:58,17.56,76.21,BuildingA_Floor2,TypeC
1094,2025-04-10 04:52:46,20.12,65.47,BuildingB_Floor1,TypeA
1026,2025-04-10 23:18:14,31.19,43.27,BuildingB_Floor1,TypeB
1085,2025-04-08 14:39:46,21.78,71.76,BuildingA_Floor2,TypeC
1017,2025-04-07 23:59:04,20.02,64.89,BuildingA_Floor2,TypeB
1092,2025-04-08 15:50:52,24.12,72.69,BuildingB_Floor1,TypeA
1040,2025-04-08 21:35:35,25.0,76.35,BuildingA_Floor2,TypeA
1060,2025-04-09 09:25:06,25.41,73.48,BuildingB_Floor1,TypeB
1076,2025-04-08 06:55:31,18.34,42.61,BuildingA_Floor1,TypeA
1040,2025-04-10 11:23:22,27.68,59.98,BuildingA_Floor2,TypeC
1072,2025-04-08 19:18:27,24.21,70.51,BuildingA_Floor1,TypeA
1070,2025-04-07 07:58:48,21.0,51.7,BuildingA_Floor2,TypeC
1066,2025-04-10 19:32:16,18.99,78.56,BuildingB_Floor1,TypeC
1023,2025-04-10 13:05:33,26.09,73.34,BuildingB_Floor1,TypeA
1096,2025-04-06 04:14:36,16.04,52.15,BuildingB_Floor2,TypeA
1019,2025-04-10 09:05:12,19.54,76.76,BuildingA_Floor1,TypeC
1020,2025-04-09 05:24:13,21.31,39.66,BuildingA_Floor1,TypeB
1091,2025-04-10 20:37:12,18.86,52.88,BuildingA_Floor1,TypeC
1051,2025-04-06 19:01:32,15.38,46.58,BuildingB_Floor1,TypeA
1089,2025-04-06 04:57:01,27.62,34.11,BuildingB_Floor1,TypeA
1098,2025-04-08 02:40:56,26.25,76.29,BuildingB_Floor2,TypeB
1072,2025-04-08 20:29:51,24.03,53.3,BuildingB_Floor2,TypeB
1020,2025-04-06 12:59:29,34.11,63.8,BuildingB_Floor2,TypeC
1026,2025-04-06 20:37:49,18.15,58.37,BuildingB_Floor1,TypeB
1049,2025-04-07 07:19:48,32.4,70.74,BuildingA_Floor1,TypeA
1032,2025-04-07 20:21:57,17.75,66.9,BuildingA_Floor2,TypeB
1092,2025-04-07 17:04:09,31.09,71.53,BuildingA_Floor2,TypeB
1048,2025-04-06 23:21:18,22.07,61.44,BuildingA_Floor1,TypeC
1080,2025-04-08 19:43:39,19.72,69.54,BuildingB_Floor1,TypeB
1061,2025-04-06 20:29:25,34.27,73.88,BuildingB_Floor1,TypeC
1013,2025-04-10 01:48:56,27.09,78.22,BuildingA_Floor2,TypeA
1094,2025-04-06 04:33:49,29.92,39.81,BuildingA_Floor2,TypeA
1034,2025-04-08 15:41:52,32.4,54.32,BuildingB_Floor1,TypeC
1000,2025-04-09 03:24:51,20.31,57.42,BuildingB_Floor1,TypeB
1075,2025-04-08 16:36:58,21.94,39.03,BuildingA_Floor1,TypeB
1082,2025-04-06 05:02:22,18.35,76.1,BuildingA_Floor2,TypeA
1069,2025-04-10 21:44:38,32.84,69.8,BuildingA_Floor1,TypeA
1096,2025-04-09 13:09:43,24.34,62.37,BuildingB_Floor1,TypeA
1045,2025-04-09 18:57:42,33.79,46.25,BuildingA_Floor1,TypeC
1071,2025-04-06 05:10:52,23.53,78.26,BuildingA_Floor2,TypeC
1012,2025-04-06 11:04:14,16.67,64.77,BuildingA_Floor2,TypeB
1028,2025-04-09 17:15:27,25.19,47.77,BuildingB_Floor2,TypeA
1093,2025-04-09 07:08:12,30.9,57.25,BuildingA_Floor1,TypeC
1002,2025-04-09 15:32:36,16.1,54.14,BuildingB_Floor1,TypeB
1079,2025-04-09 16:59:56,18.6,72.56,BuildingA_Floor2,TypeB
1055,2025-04-09 12:19:02,20.19,62.83,BuildingA_Floor1,TypeC
1091,2025-04-11 03:42:26,34.56,35.19,BuildingB_Floor2,TypeB
1016,2025-04-09 05:21:17,33.44,31.52,BuildingA_Floor2,TypeA
1015,2025-04-10 08:20:29,34.8,63.94,BuildingA_Floor2,TypeB
1046,2025-04-08 23:45:56,18.49,55.55,BuildingA_Floor2,TypeB
1046,2025-04-07 15:52:05,32.12,67.75,BuildingA_Floor1,TypeC
1088,2025-04-11 01:33:27,31.96,66.52,BuildingA_Floor2,TypeC
1027,2025-04-07 00:00:44,34.5,63.01,BuildingB_Floor1,TypeA
1092,2025-04-10 15:23:30,25.61,34.29,BuildingA_Floor2,TypeC
1011,2025-04-10 09:57:58,26.59,38.53,BuildingA_Floor1,TypeB
1077,2025-04-07 02:18:56,15.36,61.88,BuildingB_Floor1,TypeC
1056,2025-04-11 03:14:03,18.49,55.47,BuildingB_Floor2,TypeA
1099,2025-04-09 10:07:06,26.68,35.67,BuildingB_Floor2,TypeA
1021,2025-04-10 03:56:09,18.51,33.77,BuildingB_Floor1,TypeC
1003,2025-04-10 14:44:35,22.73,77.23,BuildingB_Floor1,TypeB
1014,2025-04-08 01:13:31,23.19,63.11,BuildingA_Floor1,TypeB
1082,2025-04-07 21:27:08,32.87,73.41,BuildingA_Floor2,TypeC
1010,2025-04-08 10:27:34,26.63,31.6,BuildingB_Floor2,TypeB
1052,2025-04-09 11:35:00,25.65,75.57,BuildingA_Floor1,TypeA
1059,2025-04-07 07:58:24,33.39,34.87,BuildingA_Floor1,TypeA
1017,2025-04-10 08:40:59,25.8,47.48,BuildingB_Floor1,TypeA
1053,2025-04-06 14:38:25,30.96,57.9,BuildingA_Floor1,TypeC
1095,2025-04-08 03:22:05,30.67,40.4,BuildingA_Floor1,TypeB
1019,2025-04-06 13:10:34,15.3,63.29,BuildingA_Floor1,TypeA
1032,2025-04-08 06:29:59,23.06,48.53,BuildingB_Floor1,TypeA
1019,2025-04-06 22:19:43,16.0,64.94,BuildingB_Floor2,TypeC
1058,2025-04-06 04:05:25,34.1,39.86,BuildingB_Floor1,TypeB
1093,2025-04-07 13:28:55,16.93,38.86,BuildingB_Floor2,TypeC
1013,2025-04-07 07:32:58,25.65,63.7,BuildingA_Floor1,TypeB
1091,2025-04-06 17:45:55,19.31,55.43,BuildingB_Floor1,TypeA
1050,2025-04-10 08:20:47,30.17,34.05,BuildingA_Floor1,TypeA
1005,2025-04-10 02:36:23,26.18,36.63,BuildingA_Floor2,TypeB
1035,2025-04-08 21:42:16,18.58,47.92,BuildingA_Floor1,TypeB
1072,2025-04-09 03:55:43,21.65,43.0,BuildingA_Floor2,TypeC
1001,2025-04-07 04:09:43,23.04,39.95,BuildingB_Floor1,TypeA
1043,2025-04-06 22:08:09,18.55,37.04,BuildingA_Floor2,TypeB
1078,2025-04-09 23:55:02,15.13,70.76,BuildingA_Floor1,TypeA
1089,2025-04-08 01:00:43,34.82,73.99,BuildingB_Floor2,TypeA
1001,2025-04-09 20:44:40,28.19,33.81,BuildingB_Floor1,TypeA
1048,2025-04-10 15:37:29,21.92,73.16,BuildingA_Floor2,TypeB
1010,2025-04-10 00:23:17,17.12,71.84,BuildingB_Floor1,TypeB
1030,2025-04-10 19:16:53,25.91,66.63,BuildingA_Floor1,TypeC
1048,2025-04-10 07:02:24,20.16,52.67,BuildingA_Floor2,TypeB
1046,2025-04-07 05:35:47,21.25,60.53,BuildingA_Floor2,TypeC
1096,2025-04-09 01:47:34,33.2,62.15,BuildingA_Floor2,TypeA
1068,2025-04-08 11:06:26,15.24,57.22,BuildingB_Floor1,TypeB
1062,2025-04-07 18:55:10,30.57,42.16,BuildingB_Floor1,TypeB
1046,2025-04-06 15:45:20,16.01,58.56,BuildingB_Floor2,TypeC
1007,2025-04-09 23:39:41,20.93,45.01,BuildingB_Floor1,TypeB
1041,2025-04-07 21:42:36,21.82,56.58,BuildingB_Floor1,TypeA
1015,2025-04-06 18:39:49,18.08,59.82,BuildingA_Floor1,TypeA
1006,2025-04-07 19:01:05,23.32,49.67,BuildingB_Floor2,TypeB
1049,2025-04-08 18:05:20,22.3,71.33,BuildingB_Floor1,TypeA
1025,2025-04-08 18:47:54,32.48,39.99,BuildingB_Floor2,TypeA
1076,2025-04-10 04:00:12,28.38,65.79,BuildingA_Floor1,TypeA
1024,2025-04-10 13:46:58,28.78,34.31,BuildingA_Floor2,TypeC
1056,2025-04-07 02:36:32,18.15,38.8,BuildingA_Floor1,TypeB
1052,2025-04-07 09:40:28,18.72,49.32,BuildingA_Floor2,TypeA
1071,2025-04-07 08:11:40,30.98,51.58,BuildingB_Floor2,TypeA
1052,2025-04-10 08:48:50,24.51,62.02,BuildingA_Floor2,TypeB
1010,2025-04-09 17:10:08,17.39,45.01,BuildingB_Floor2,TypeC
1003,2025-04-09 13:56:11,27.72,79.05,BuildingB_Floor1,TypeA
1070,2025-04-10 09:41:04,19.64,56.25,BuildingA_Floor2,TypeB
1010,2025-04-08 06:21:55,22.13,61.39,BuildingA_Floor2,TypeB
1063,2025-04-07 06:57:33,23.57,65.36,BuildingA_Floor2,TypeB
1035,2025-04-08 17:41:00,25.91,38.13,BuildingB_Floor1,TypeA
1064,2025-04-08 12:36:46,19.49,37.83,BuildingA_Floor1,TypeB
1065,2025-04-09 13:14:02,29.74,70.5,BuildingB_Floor2,TypeC
1022,2025-04-06 04:11:57,24.62,31.41,BuildingB_Floor2,TypeB
1070,2025-04-06 15:56:40,23.45,44.83,BuildingA_Floor2,TypeB
1002,2025-04-07 20:44:12,24.02,46.93,BuildingA_Floor1,TypeA
1015,2025-04-10 09:58:06,31.43,54.73,BuildingA_Floor1,TypeC
1100,2025-04-07 13:25:21,29.86,48.95,BuildingB_Floor1,TypeA
1001,2025-04-08 23:55:16,18.47,64.57,BuildingA_Floor1,TypeC
1099,2025-04-07 02:29:37,30.71,74.09,BuildingA_Floor2,TypeC
1008,2025-04-08 06:35:23,21.96,52.17,BuildingA_Floor2,TypeB
1059,2025-04-10 16:38:18,18.95,75.29,BuildingA_Floor2,TypeA
1063,2025-04-08 06:20:16,19.35,64.58,BuildingA_Floor1,TypeA
1026,2025-04-09 21:52:58,17.52,74.31,BuildingB_Floor2,TypeB
1032,2025-04-07 17:49:29,15.96,51.51,BuildingA_Floor1,TypeC
1077,2025-04-07 10:41:38,28.41,53.7,BuildingA_Floor2,TypeA
1025,2025-04-06 23:33:18,31.21,42.03,BuildingB_Floor2,TypeC
1022,2025-04-06 22:57:55,18.89,73.29,BuildingA_Floor1,TypeA
1100,2025-04-08 15:33:37,17.97,46.04,BuildingA_Floor1,TypeA
1048,2025-04-08 20:38:26,23.86,79.19,BuildingA_Floor1,TypeA
1074,2025-04-11 01:18:18,29.81,42.29,BuildingB_Floor1,TypeC
1036,2025-04-10 05:49:32,31.42,71.12,BuildingA_Floor1,TypeB
1039,2025-04-08 05:47:09,15.53,72.83,BuildingB_Floor2,TypeA
1054,2025-04-09 10:21:36,15.48,57.93,BuildingB_Floor1,TypeA
1061,2025-04-10 01:02:58,27.7,75.02,BuildingB_Floor1,TypeA
1027,2025-04-06 23:23:48,20.37,47.02,BuildingB_Floor1,TypeB
1033,2025-04-10 02:50:58,31.78,68.68,BuildingB_Floor2,TypeA
1027,2025-04-10 12:17:32,18.28,55.55,BuildingB_Floor2,TypeA
1047,2025-04-08 12:16:30,33.4,47.24,BuildingA_Floor1,TypeA
1035,2025-04-10 02:31:35,23.57,50.27,BuildingB_Floor1,TypeA
1085,2025-04-06 05:49:16,30.15,65.16,BuildingB_Floor2,TypeC
1038,2025-04-10 15:43:34,26.57,30.09,BuildingB_Floor1,TypeC
1013,2025-04-09 11:26:34,22.46,59.75,BuildingA_Floor1,TypeB
1096,2025-04-08 14:12:50,19.42,31.5,BuildingA_Floor1,TypeB
1050,2025-04-06 05:47:26,25.95,42.84,BuildingB_Floor1,TypeC
1095,2025-04-09 02:05:03,21.34,63.2,BuildingA_Floor2,TypeA
1071,2025-04-08 19:16:20,30.9,35.02,BuildingB_Floor1,TypeC
1000,2025-04-11 00:45:56,16.22,53.64,BuildingB_Floor1,TypeC
1088,2025-04-07 03:14:32,34.66,36.78,BuildingA_Floor2,TypeC
1056,2025-04-08 21:36:28,27.42,56.14,BuildingA_Floor1,TypeA
1069,2025-04-10 13:21:45,20.63,78.87,BuildingB_Floor1,TypeB
1018,2025-04-07 22:35:54,17.1,46.02,BuildingA_Floor1,TypeB
1053,2025-04-10 12:02:23,30.54,65.76,BuildingB_Floor1,TypeC
1078,2025-04-11 00:02:38,16.77,65.01,BuildingA_Floor1,TypeC
1061,2025-04-10 22:20:23,22.94,44.0,BuildingA_Floor2,TypeB
1045,2025-04-06 20:16:19,17.48,68.36,BuildingB_Floor2,TypeB
1040,2025-04-09 04:32:06,27.11,42.51,BuildingB_Floor2,TypeB
1034,2025-04-08 22:36:52,29.02,76.22,BuildingA_Floor1,TypeA
1045,2025-04-09 17:01:41,21.67,66.51,BuildingA_Floor2,TypeC
1010,2025-04-06 20:48:57,24.93,66.58,BuildingA_Floor2,TypeC
1013,2025-04-09 13:23:28,16.6,66.7,BuildingA_Floor2,TypeB
1031,2025-04-09 04:35:44,26.55,69.13,BuildingB_Floor2,TypeA
1000,2025-04-08 10:57:00,30.9,58.07,BuildingA_Floor2,TypeB
1040,2025-04-07 19:04:58,18.28,63.32,BuildingB_Floor1,TypeC
1100,2025-04-07 11:33:01,30.9,71.38,BuildingB_Floor1,TypeA
1021,2025-04-06 13:21:57,29.45,40.24,BuildingA_Floor1,TypeC
1018,2025-04-08 04:47:15,25.58,33.44,BuildingB_Floor1,TypeB
1037,2025-04-08 01:42:31,26.28,74.75,BuildingA_Floor1,TypeB
1042,2025-04-08 06:48:42,31.23,36.15,BuildingB_Floor1,TypeC
1016,2025-04-09 06:15:21,29.74,73.27,BuildingB_Floor2,TypeC
1017,2025-04-09 05:05:45,22.06,43.42,BuildingA_Floor2,TypeB
1056,2025-04-10 09:24:41,34.49,55.32,BuildingB_Floor1,TypeB
1057,2025-04-06 20:34:34,22.8,44.52,BuildingA_Floor1,TypeC
1090,2025-04-06 21:35:25,33.5,51.68,BuildingB_Floor2,TypeC
1069,2025-04-07 09:51:01,29.45,69.3,BuildingB_Floor2,TypeB
1036,2025-04-09 13:30:40,19.86,50.68,BuildingB_Floor1,TypeB
1014,2025-04-08 17:00:42,34.95,49.21,BuildingB_Floor1,TypeA
1034,2025-04-11 03:40:35,19.63,53.95,BuildingB_Floor2,TypeA
1031,2025-04-09 08:55:19,21.26,53.64,BuildingB_Floor2,TypeA
1093,2025-04-06 08:46:17,25.51,65.64,BuildingA_Floor2,TypeA
1019,2025-04-07 02:08:17,22.64,70.98,BuildingB_Floor2,TypeB
1095,2025-04-09 10:10:38,18.91,61.18,BuildingA_Floor2,TypeC
1042,2025-04-08 23:12:10,27.82,37.24,BuildingA_Floor2,TypeA
1090,2025-04-10 10:56:46,25.22,33.01,BuildingA_Floor1,TypeA
1023,2025-04-07 14:17:28,34.82,62.5,BuildingB_Floor2,TypeB
1016,2025-04-09 01:46:57,34.63,70.66,BuildingA_Floor1,TypeB
1067,2025-04-09 18:07:35,28.94,72.06,BuildingB_Floor2,TypeA
1097,2025-04-09 05:29:10,22.83,47.39,BuildingB_Floor2,TypeC
1010,2025-04-10 08:00:27,18.63,43.17,BuildingA_Floor2,TypeA
1097,2025-04-09 17:59:56,27.08,43.41,BuildingA_Floor2,TypeB
1068,2025-04-10 03:10:56,34.27,30.72,BuildingA_Floor1,TypeC
1083,2025-04-06 04:26:34,20.62,41.86,BuildingB_Floor1,TypeC
1073,2025-04-06 20:33:31,28.46,67.63,BuildingB_Floor1,TypeC
1072,2025-04-08 23:52:04,25.92,56.62,BuildingA_Floor1,TypeB
1018,2025-04-07 00:47:05,18.49,46.71,BuildingA_Floor1,TypeC
1079,2025-04-08 07:22:38,26.56,38.52,BuildingB_Floor1,TypeC
1100,2025-04-11 02:03:39,25.85,70.08,BuildingA_Floor1,TypeC
1011,2025-04-11 01:17:53,23.16,72.13,BuildingA_Floor1,TypeC
1088,2025-04-08 21:02:35,30.7,58.14,BuildingA_Floor1,TypeA
1054,2025-04-07 14:03:07,27.98,49.63,BuildingA_Floor1,TypeA
1100,2025-04-07 15:51:35,15.37,36.97,BuildingA_Floor2,TypeB
1004,2025-04-06 18:14:58,15.78,58.96,BuildingB_Floor2,TypeC
1006,2025-04-10 00:57:13,28.4,34.59,BuildingB_Floor2,TypeA
1043,2025-04-07 10:05:13,34.02,73.03,BuildingA_Floor2,TypeA
1008,2025-04-10 15:47:53,23.09,58.44,BuildingA_Floor2,TypeC
1024,2025-04-09 06:55:56,27.79,77.65,BuildingA_Floor1,TypeC
1083,2025-04-07 14:36:38,33.41,40.42,BuildingA_Floor2,TypeA
1043,2025-04-08 06:11:32,27.75,30.24,BuildingB_Floor1,TypeC
1078,2025-04-07 08:57:43,33.38,32.75,BuildingB_Floor2,TypeB
1027,2025-04-10 14:43:05,22.05,53.18,BuildingA_Floor1,TypeC
1013,2025-04-09 17:55:53,29.2,67.61,BuildingA_Floor2,TypeC
1057,2025-04-07 02:19:31,29.0,76.79,BuildingB_Floor1,TypeA
1097,2025-04-07 05:31:04,16.13,63.95,BuildingB_Floor2,TypeC
1004,2025-04-10 00:57:00,19.34,70.18,BuildingB_Floor2,TypeB
1043,2025-04-08 22:33:55,17.54,58.84,BuildingB_Floor1,TypeB
1020,2025-04-09 13:42:16,20.16,68.46,BuildingA_Floor2,TypeB
1051,2025-04-07 13:19:47,33.11,45.59,BuildingA_Floor1,TypeA
1095,2025-04-06 17:29:34,28.24,37.62,BuildingB_Floor1,TypeA
1031,2025-04-11 01:22:14,32.28,67.83,BuildingA_Floor1,TypeA
1082,2025-04-08 04:04:52,27.51,62.8,BuildingA_Floor2,TypeC
1044,2025-04-07 07:17:15,25.04,69.3,BuildingA_Floor2,TypeA
1004,2025-04-09 19:22:27,28.44,33.07,BuildingB_Floor2,TypeA
1038,2025-04-07 13:38:28,25.29,47.2,BuildingA_Floor2,TypeC
1028,2025-04-07 04:54:42,17.01,37.88,BuildingA_Floor1,TypeC
1097,2025-04-08 08:35:08,24.54,44.34,BuildingA_Floor2,TypeA
1036,2025-04-06 19:24:48,18.18,60.29,BuildingB_Floor2,TypeA
1017,2025-04-09 07:37:50,25.33,64.92,BuildingA_Floor1,TypeC
1083,2025-04-07 05:21:55,28.52,42.64,BuildingA_Floor2,TypeA
1092,2025-04-10 00:10:58,18.23,36.5,BuildingB_Floor2,TypeA
1075,2025-04-10 23:24:25,26.39,46.55,BuildingA_Floor2,TypeB
1024,2025-04-07 00:05:42,33.63,72.06,BuildingB_Floor1,TypeB
1075,2025-04-07 11:47:57,28.61,67.96,BuildingB_Floor2,TypeA
1028,2025-04-10 15:44:40,22.88,77.3,BuildingA_Floor1,TypeB
1053,2025-04-07 16:52:58,23.94,52.44,BuildingB_Floor2,TypeB
1051,2025-04-07 05:29:28,27.56,40.88,BuildingA_Floor2,TypeB
1037,2025-04-10 14:23:34,15.55,60.19,BuildingA_Floor1,TypeB
1097,2025-04-10 22:34:17,27.17,40.57,BuildingB_Floor1,TypeC
1092,2025-04-10 19:46:58,26.87,78.51,BuildingA_Floor1,TypeC
1024,2025-04-08 23:18:09,22.12,79.39,BuildingB_Floor1,TypeB
1065,2025-04-10 08:49:09,16.89,47.3,BuildingB_Floor1,TypeC
1019,2025-04-09 21:47:57,17.33,44.91,BuildingA_Floor2,TypeC
1018,2025-04-07 02:05:07,21.15,46.55,BuildingB_Floor2,TypeC
1080,2025-04-06 12:00:51,19.98,30.94,BuildingB_Floor2,TypeC
1095,2025-04-10 21:26:53,22.61,32.38,BuildingA_Floor2,TypeC
1026,2025-04-07 22:49:59,15.7,57.87,BuildingA_Floor1,TypeA
1032,2025-04-11 02:23:47,21.14,57.8,BuildingA_Floor1,TypeC
1077,2025-04-10 02:14:38,32.89,38.9,BuildingA_Floor2,TypeC
1004,2025-04-10 20:08:53,18.66,54.41,BuildingA_Floor1,TypeA
1001,2025-04-10 18:20:29,30.68,79.94,BuildingA_Floor1,TypeC
1047,2025-04-08 18:04:08,33.52,69.41,BuildingB_Floor2,TypeC
1042,2025-04-09 17:43:25,28.1,70.99,BuildingB_Floor1,TypeC
1023,2025-04-09 01:13:54,31.83,50.67,BuildingA_Floor1,TypeB
1085,2025-04-06 11:35:50,27.24,45.95,BuildingA_Floor1,TypeC
1093,2025-04-09 00:50:13,27.51,31.93,BuildingA_Floor1,TypeC
1013,2025-04-09 02:08:35,15.53,45.37,BuildingB_Floor2,TypeB
1063,2025-04-08 06:35:48,19.25,61.12,BuildingB_Floor1,TypeC
1085,2025-04-11 03:03:34,23.74,32.93,BuildingA_Floor2,TypeC
1055,2025-04-07 06:28:53,23.2,31.29,BuildingB_Floor2,TypeB
1043,2025-04-07 18:10:55,20.67,47.5,BuildingA_Floor1,TypeA
1023,2025-04-07 23:06:54,26.35,67.17,BuildingB_Floor1,TypeB
1013,2025-04-09 23:20:15,21.92,48.71,BuildingB_Floor2,TypeA
1053,2025-04-09 02:14:59,20.71,50.65,BuildingA_Floor1,TypeA
1046,2025-04-11 03:24:08,31.17,56.28,BuildingB_Floor1,TypeC
1090,2025-04-06 05:28:06,19.29,77.4,BuildingA_Floor2,TypeB
1007,2025-04-06 23:20:01,24.37,64.68,BuildingA_Floor2,TypeA
1086,2025-04-07 08:23:58,16.48,59.17,BuildingB_Floor1,TypeB
1051,2025-04-09 09:41:19,17.27,46.41,BuildingB_Floor1,TypeC
1011,2025-04-09 12:21:26,30.82,55.77,BuildingB_Floor2,TypeB
1014,2025-04-10 00:15:45,25.54,34.77,BuildingB_Floor1,TypeA
1001,2025-04-10 10:01:58,31.64,48.75,BuildingA_Floor2,TypeC
1081,2025-04-10 14:54:13,16.94,41.03,BuildingB_Floor1,TypeC
1011,2025-04-08 13:19:09,21.23,62.85,BuildingA_Floor2,TypeC
1076,2025-04-06 17:48:49,31.74,39.66,BuildingA_Floor2,TypeB
1023,2025-04-09 00:30:20,30.53,67.61,BuildingB_Floor1,TypeC
1017,2025-04-07 10:23:35,34.57,33.61,BuildingB_Floor2,TypeB
1066,2025-04-06 06:55:39,26.67,61.49,BuildingB_Floor1,TypeB
1092,2025-04-08 08:30:18,26.36,45.47,BuildingB_Floor2,TypeA
1057,2025-04-10 22:13:50,26.64,69.82,BuildingB_Floor1,TypeB
1044,2025-04-08 07:40:20,31.8,74.08,BuildingA_Floor1,TypeB
1097,2025-04-07 02:20:55,34.1,77.0,BuildingB_Floor1,TypeB
1074,2025-04-07 16:43:55,26.61,79.03,BuildingA_Floor1,TypeA
1060,2025-04-10 17:04:39,34.6,53.88,BuildingA_Floor2,TypeA
1097,2025-04-10 13:06:08,31.35,66.78,BuildingB_Floor1,TypeB
1081,2025-04-08 12:04:58,16.04,74.84,BuildingA_Floor1,TypeA
1079,2025-04-07 09:29:11,30.9,50.04,BuildingB_Floor1,TypeA
1008,2025-04-09 20:49:01,21.49,62.46,BuildingB_Floor1,TypeA
1048,2025-04-08 22:10:45,15.39,33.58,BuildingA_Floor2,TypeA
1029,2025-04-06 11:59:10,17.29,75.3,BuildingB_Floor2,TypeB
1051,2025-04-10 15:09:49,32.27,59.16,BuildingA_Floor2,TypeB
1080,2025-04-08 11:55:59,17.26,65.74,BuildingA_Floor2,TypeC
1096,2025-04-09 03:11:22,17.2,49.7,BuildingB_Floor2,TypeA
1066,2025-04-07 07:15:02,25.08,42.03,BuildingA_Floor1,TypeA
1009,2025-04-09 23:26:29,25.54,60.26,BuildingB_Floor1,TypeC
1040,2025-04-07 18:10:01,25.26,56.03,BuildingA_Floor1,TypeC
1041,2025-04-10 08:47:06,17.81,38.96,BuildingB_Floor1,TypeA
1025,2025-04-08 17:40:42,33.92,68.14,BuildingA_Floor1,TypeA
1081,2025-04-09 04:29:47,32.15,55.98,BuildingB_Floor1,TypeC
1094,2025-04-09 00:57:53,25.77,58.5,BuildingA_Floor1,TypeB
1010,2025-04-08 22:25:13,25.01,55.61,BuildingA_Floor2,TypeA
1024,2025-04-10 09:48:30,20.34,70.91,BuildingA_Floor2,TypeC
1015,2025-04-09 05:47:19,18.71,72.07,BuildingA_Floor1,TypeC
1099,2025-04-06 06:26:43,30.69,63.06,BuildingA_Floor2,TypeA
1019,2025-04-10 15:27:26,16.28,61.74,BuildingA_Floor1,TypeC
1044,2025-04-07 20:18:34,22.15,34.56,BuildingB_Floor1,TypeB
1052,2025-04-07 23:16:17,21.4,69.55,BuildingB_Floor1,TypeB
1030,2025-04-08 06:19:54,23.34,36.2,BuildingA_Floor1,TypeB
1029,2025-04-09 23:18:41,33.2,48.67,BuildingA_Floor2,TypeA
1048,2025-04-07 14:43:44,29.25,76.76,BuildingA_Floor2,TypeB
1069,2025-04-10 02:14:48,28.9,34.73,BuildingB_Floor1,TypeC
1035,2025-04-09 10:00:15,15.52,43.96,BuildingA_Floor1,TypeA
1082,2025-04-10 07:53:25,18.85,74.4,BuildingA_Floor2,TypeC
1005,2025-04-10 13:12:57,30.28,51.05,BuildingA_Floor2,TypeC
1085,2025-04-10 10:26:55,16.97,77.07,BuildingB_Floor1,TypeB
1026,2025-04-07 17:17:38,25.54,79.73,BuildingA_Floor1,TypeB
1042,2025-04-09 19:50:15,23.9,39.15,BuildingB_Floor2,TypeA
1028,2025-04-07 01:39:04,33.84,62.83,BuildingA_Floor2,TypeC
1019,2025-04-09 14:21:56,31.09,51.08,BuildingB_Floor1,TypeC
1091,2025-04-09 06:28:23,33.53,65.52,BuildingA_Floor2,TypeA
1073,2025-04-09 14:04:49,26.37,31.97,BuildingA_Floor2,TypeB
1076,2025-04-10 05:41:49,34.73,59.97,BuildingB_Floor2,TypeB
1017,2025-04-06 22:40:37,27.04,67.59,BuildingB_Floor1,TypeA
1065,2025-04-07 17:54:04,26.18,52.88,BuildingA_Floor1,TypeA
1001,2025-04-09 04:39:41,15.68,74.84,BuildingB_Floor1,TypeA
1094,2025-04-10 13:42:15,19.85,68.67,BuildingA_Floor1,TypeA
1034,2025-04-08 23:25:07,18.33,38.77,BuildingA_Floor1,TypeB
1046,2025-04-06 21:55:55,16.05,61.52,BuildingA_Floor1,TypeC
1030,2025-04-10 08:56:58,27.22,43.59,BuildingA_Floor2,TypeA
1094,2025-04-10 06:50:32,33.17,38.56,BuildingA_Floor1,TypeB
1002,2025-04-09 23:06:24,21.67,34.36,BuildingB_Floor1,TypeB
1041,2025-04-06 20:52:58,25.9,42.74,BuildingA_Floor2,TypeA
